Workbook

Sheet DETAIL 
A1: DAILY MACHINE OPERATION CHECK SHEET
A4: MONTH : | C4: SEP | D4: 2026 | G4: MACHINE: | K4: DEPT : Tooling
A6: DATE | B6: ACC FIX ASSETS | C6: CODE | D6: MACHINE | E6: CLASSIFICATION | F6: INDEX | G6: PART | H6: TIME ( h ) | J6: TOTAL TIME ( h ) | K6: WITH OPERATOR | M6: AUTOMATION | N6: P.I.C | O6: TOTAL UTILIZATION RATE OF DAY (%) | P6: % LOST TIME | Q6: REMARK
H7: START | I7: FINISH | K7: SET UP | L7: WAITING | Q7: NEW/REPAIR | R7: Quantity | S7: NOTE

Sheet Sheet1
A1: MOULDS LIST IN TPVN | S1: Danh sách khuôn đã trả
A2: Dept: Tooling | T2: \\172.23.20.215\Tooling\03. MP MOLD GROUP\MS LAN\DANH SACH KHUON TRA
A3: Updated: 11/08/2016 | L3: =COUNTIF(L5:L1126,L1124) -> 75 | M3: =COUNTIF($M$5:$M$1125,M564) -> 91
B4: NO | C4: INDEX MOLD (OLD) | D4: INDEX MOLD (NEW) | E4: PRODUCT CODE | F4: PART NO | G4: PART NAME | H4: SLIDER/CYLINDER/MOTOR | I4: CAVITY | J4: MOLD RUNNING MP | K4: MOLD RUNNING MT | L4: MOLD T.S | M4: UNUSE MOLD | N4: GRUARANTEE SHOTG | O4: MOLD MAKER | P4: MOLD SIZE W*H*L
B5: 1 | C5: TT002 | D5: TT002 | E5: =VLOOKUP(C5,#REF!,3,0) -> #REF! | F5: HF90301 | G5: Stopper Ring | I5: 8 | J5: MP | N5: 300 | O5: TPJK | P5: -
B6: =B5+1 -> 2 | C6: TT003 | D6: TT003 | E6: =VLOOKUP(C6,#REF!,3,0) -> #REF! | F6: HF90302 | G6: Stopper Ring | I6: 4 | J6: MP | N6: 300 | O6: TPJK | P6: -
B7: =B6+1 -> 3 | C7: TT004 | D7: TT004 | E7: =VLOOKUP(C7,#REF!,3,0) -> #REF! | F7: HF90303 | G7: Sleeve | I7: 4 | J7: MP | N7: 300 | O7: TPJK | P7: -
B8: =B7+1 -> 4 | C8: TT005 | D8: TT005 | E8: =VLOOKUP(C8,#REF!,3,0) -> #REF! | F8: HF90082 | G8: Over Flow Tube | H8: CYLINDER, SLIDER | I8: 2 | J8: MP | N8: 300 | O8: TPJK | P8: -
B9: =B8+1 -> 5 | C9: TT006 | D9: TT006 | E9: =VLOOKUP(C9,#REF!,3,0) -> #REF! | F9: HF90084 | G9: WL Indication Ring | H9: SLIDER | I9: 4 | J9: MP | N9: 300 | O9: TPJK | P9: -
B10: =B9+1 -> 6 | C10: TT008 | D10: TT008 | E10: =VLOOKUP(C10,#REF!,3,0) -> #REF! | F10: HF90298R | G10: Valve | H10: SLIDER | I10: 2 | J10: MP | N10: 300 | O10: TPJK | P10: -
B11: =B10+1 -> 7 | C11: TT009 | D11: TT009 | E11: =VLOOKUP(C11,#REF!,3,0) -> #REF! | F11: HF90299R-2 | G11: Valve Lid | H11: SLIDER | I11: 2 | J11: MP | N11: 300 | O11: TPJK | P11: -
B12: =B11+1 -> 8 | C12: TT010 | D12: TT010 | E12: =VLOOKUP(C12,#REF!,3,0) -> #REF! | F12: HF90538-1 | G12: Valve Body | H12: SLIDER | I12: 2 | J12: MP | N12: 300 | O12: TPJK | P12: -
B13: =B12+1 -> 9 | C13: TT020 | D13: TT020 | E13: =VLOOKUP(C13,#REF!,3,0) -> #REF! | F13: HF21010 | G13: Nut | H13: MOTOR | I13: 4 | J13: MP | N13: 300 | O13: TPJK | P13: 350*900*650
B14: =B13+1 -> 10 | C14: TT021 | D14: TT021 | E14: =VLOOKUP(C14,#REF!,3,0) -> #REF! | F14: HF90286 | G14: Pressure Reducing Valve | H14: SLIDER | I14: 2 | J14: MP | N14: 300 | O14: TPJK | P14: 350*350*370
B15: =B14+1 -> 11 | C15: TT022 | D15: TT022 | E15: =VLOOKUP(C15,#REF!,3,0) -> #REF! | F15: HF90288 | G15: Pressure Reducing Sheet | I15: 8 | J15: MP | N15: 300 | O15: TPJK | P15: 200*240*250
B16: =B15+1 -> 12 | C16: TT023 | D16: TT023 | E16: =VLOOKUP(C16,#REF!,3,0) -> #REF! | F16: HF90295 | G16: Cap | H16: MOTOR | I16: 8 | J16: MP | N16: 300 | O16: TPJK | P16: 350*900*650
B17: =B16+1 -> 13 | C17: TT024 | D17: TT024 | E17: =VLOOKUP(C17,#REF!,3,0) -> #REF! | F17: HF90592R | G17: Diapharagm Supporter | H17: SLIDER | I17: 4 | J17: MP | N17: 300 | O17: TPJK | P17: 198*250*237
B18: =B17+1 -> 14 | C18: TT027 | D18: TT027 | E18: =VLOOKUP(C18,#REF!,3,0) -> #REF! | F18: HF1A004 | G18: Tank | H18: SLIDER | I18: 1 | J18: MP | N18: 300 | O18: Supplied by customer | P18: -
B19: =B18+1 -> 15 | C19: TT028 | D19: TT028 | E19: =VLOOKUP(C19,#REF!,3,0) -> #REF! | F19: HF9A093 | G19: Ball Tap Body | H19: SLIDER | I19: 2 | M19: UNUSE MOLD | N19: 300 | O19: Supplied by customer | P19: 450*360*500
B20: =B19+1 -> 16 | C20: TT030 | D20: TT030 | E20: =VLOOKUP(C20,#REF!,3,0) -> #REF! | F20: HF21016 | G20: Nut 18 | H20: MOTOR | I20: 2 | J20: MP | N20: 300 | O20: TPJK | P20: 250*650*230
B21: =B20+1 -> 17 | C21: TT031 | D21: TT031 | E21: =VLOOKUP(C21,#REF!,3,0) -> #REF! | G21: Bag Nut | H21: MOTOR | I21: 2 | M21: UNUSE MOLD | N21: 300 | O21: TPJK | P21: 300*340*640
B22: =B21+1 -> 18 | C22: TT033 | D22: TT033 | E22: =VLOOKUP(C22,#REF!,3,0) -> #REF! | F22: HF90545 | G22: Retfying Net | H22: MOTOR | I22: 2 | J22: MP | N22: 300 | O22: TPK | P22: 300*630*340
B23: =B22+1 -> 19 | C23: TT034 | D23: TT034 | E23: =VLOOKUP(C23,#REF!,3,0) -> #REF! | F23: HF9A090R | G23: Floating Ball | H23: SLIDER | I23: 2 | J23: MP | N23: 300 | O23: TPJK | P23: 400*500*370
B24: =B23+1 -> 20 | C24: TT035 | D24: TT035 | E24: =VLOOKUP(C24,#REF!,3,0) -> #REF! | F24: HF9A091 | G24: Float | H24: SLIDER | I24: 2 | J24: MP | N24: 300 | O24: TPK | P24: 280*350*290
B25: =B24+1 -> 21 | C25: TT039 | D25: TT039 | E25: =VLOOKUP(C25,#REF!,3,0) -> #REF! | G25: Hook | I25: 2 | J25: MP | N25: 300 | O25: TPJ | P25: 230*250*250
B26: =B25+1 -> 22 | C26: TT040 | D26: TT040 | E26: =VLOOKUP(C26,#REF!,3,0) -> #REF! | G26: Slector Valve | H26: SLIDER | I26: 2 | J26: MP | N26: 300 | O26: TPJ | P26: 280*250*250
B27: =B26+1 -> 23 | C27: TT042 | D27: TT042 | E27: =VLOOKUP(C27,#REF!,3,0) -> #REF! | F27: HF9A 116 | G27: Lever | H27: SLIDER | I27: 2 | J27: MP | N27: 300 | O27: TPJ | P27: 250*350*360
B28: =B27+1 -> 24 | C28: TT043 | D28: TT043 | E28: =VLOOKUP(C28,#REF!,3,0) -> #REF! | F28: HF9A117R | G28: Packing | I28: 2 | J28: MP | N28: 300 | O28: TPJK | P28: 250*250*230
B29: =B28+1 -> 25 | C29: TT044 | D29: TT044 | E29: =VLOOKUP(C29,#REF!,3,0) -> #REF! | G29: Fitting | I29: 2 | J29: MP | N29: 300 | O29: TPJ | P29: 200*200*220
B30: =B29+1 -> 26 | C30: TT045 | D30: TT045 | E30: =VLOOKUP(C30,#REF!,3,0) -> #REF! | G30: Close Cover | I30: 2 | J30: MP | N30: 300 | O30: TPJ | P30: 450*550*500
B31: =B30+1 -> 27 | C31: TT046 | D31: TT046 | E31: =VLOOKUP(C31,#REF!,3,0) -> #REF! | F31: HF9A129 | G31: Cover | I31: 2 | J31: MP | N31: 300 | O31: TPJK | P31: 350*450*400
B32: =B31+1 -> 28 | C32: TT049 | D32: TT049 | E32: =VLOOKUP(C32,#REF!,3,0) -> #REF! | F32: HF9A251 | G32: Spindle | H32: SLIDER | I32: 2 | J32: MP | N32: 300 | O32: TPJK | P32: 300*450*380
B33: =B32+1 -> 29 | C33: TT056 | D33: TT056 | E33: =VLOOKUP(C33,#REF!,3,0) -> #REF! | G33: Water Pipe | H33: SLIDER, MOTOR, CYLINDER | I33: 1 | J33: MP | N33: 300 | O33: TPJ | P33: 400*1100*500
B34: =B33+1 -> 30 | C34: TT065 | D34: TT065 | E34: =VLOOKUP(C34,#REF!,3,0) -> #REF! | F34: 97E 02 | G34: Shower Head Body | H34: CYLINDER, SLIDER | I34: 2 | J34: MP | N34: 300 | O34: Supplied by customer | P34: 700*950*600
B35: =B34+1 -> 31 | C35: TT067 | D35: TT067 | E35: =VLOOKUP(C35,#REF!,3,0) -> #REF! | F35: 97D 94 | G35: Orifice Shaft | H35: SLIDER | I35: 4 | J35: MP | N35: 300 | O35: TPJK | P35: 320*500*290
B36: =B35+1 -> 32 | C36: TT068 | D36: TT068 | E36: =VLOOKUP(C36,#REF!,3,0) -> #REF! | F36: 97D 95 | G36: Spread Plate Packing | H36: SLIDER | I36: 2 | J36: MP | N36: 300 | O36: TPJK | P36: 300*400*360
B37: =B36+1 -> 33 | C37: TT069 | D37: TT069 | E37: =VLOOKUP(C37,#REF!,3,0) -> #REF! | F37: 97D 96 | G37: Shaft | H37: SLIDER | I37: 4 | J37: MP | N37: 300 | O37: TPJK | P37: 230*300*230
B38: =B37+1 -> 34 | C38: TT070 | D38: TT070 | E38: =VLOOKUP(C38,#REF!,3,0) -> #REF! | F38: 97D 98 | G38: Packing | I38: 2 | J38: MP | N38: 300 | O38: TPJK | P38: 300*350*280
B39: =B38+1 -> 35 | C39: TT071 | D39: TT071 | E39: =VLOOKUP(C39,#REF!,3,0) -> #REF! | F39: 97D 99 | G39: Connecter | H39: MOTOR, SLIDER | I39: 2 | J39: MP | N39: 300 | O39: TPJK | P39: 300*900*400
B40: =B39+1 -> 36 | C40: TT072 | D40: TT072 | E40: =VLOOKUP(C40,#REF!,3,0) -> #REF! | F40: 97E 01 | G40: Spray Face | H40: MOTOR, SLIDER | I40: 2 | J40: MP | N40: 300 | O40: TPJK | P40: 350*900*400
B41: =B40+1 -> 37 | C41: TT073 | D41: TT073 | E41: =VLOOKUP(C41,#REF!,3,0) -> #REF! | F41: HF90283 | G41: Ball Tap Body | H41: CYLINDER, SLIDER | I41: 1 | J41: MP | N41: 300 | O41: Supplied by customer | P41: 450*1350*380
B42: =B41+1 -> 38 | C42: TT074 | D42: TT074 | E42: =VLOOKUP(C42,#REF!,3,0) -> #REF! | F42: HF9A535 | G42: Pindle Guide | H42: SLIDER | I42: 2 | J42: MP | N42: 300 | O42: TPJK | P42: 450*450*570
B43: =B42+1 -> 39 | C43: TT075 | D43: TT075 | E43: =VLOOKUP(C43,#REF!,3,0) -> #REF! | F43: HF9A594 | G43: Over Flow Pipe | H43: CYLINDER, SLIDER | I43: 2 | J43: MP | N43: 500 | O43: TPVN | P43: 450*1650*420
B44: =B43+1 -> 40 | C44: TT076 | D44: TT076 | E44: =VLOOKUP(C44,#REF!,3,0) -> #REF! | F44: HF9A603 | G44: Control Pipe | H44: SLIDER | I44: 2 | J44: MP | N44: 500 | O44: TPVN | P44: 500*500*660
B45: =B44+1 -> 41 | C45: CN001 | D45: CN001 | E45: =VLOOKUP(C45,#REF!,3,0) -> #REF! | G45: Core pick | H45: SLIDER | I45: - | M45: UNUSE MOLD | N45: 800 | O45: -
B46: =B45+1 -> 42 | C46: CN002 | D46: CN002 | E46: =VLOOKUP(C46,#REF!,3,0) -> #REF! | F46: RC2-1048-000 | G46: Core pick | H46: SLIDER | I46: 4 | M46: UNUSE MOLD | N46: 800 | O46: Supplied by customer | P46: 260*280*300
B47: =B46+1 -> 43 | C47: CN004 | D47: CN004 | E47: =VLOOKUP(C47,#REF!,3,0) -> #REF! | F47: RU5-0980-000 | G47: Gear Idler CRG | I47: 4 | M47: UNUSE MOLD | N47: 800 | O47: TPZ | P47: 395*450*500
B48: =B47+1 -> 44 | C48: CN005 | D48: CN005 | E48: =VLOOKUP(C48,#REF!,3,0) -> #REF! | F48: RU6-0015-000 | G48: Gear Idler CRG | I48: 2 | M48: UNUSE MOLD | N48: 800 | O48: TPZ | P48: 350*400*350
B49: =B48+1 -> 45 | C49: CN006 | D49: CN006 | E49: =VLOOKUP(C49,#REF!,3,0) -> #REF! | F49: RU5-0980-000 | G49: Gear Idler CRG | I49: 4 | M49: UNUSE MOLD | N49: 800 | O49: TPZ | P49: 395*450*500
B50: =B49+1 -> 46 | C50: CN007 | D50: CN007 | E50: =VLOOKUP(C50,#REF!,3,0) -> #REF! | F50: RU5-0981-000 | G50: Coupling Gear | I50: 4 | M50: UNUSE MOLD | N50: 800 | O50: TPZ | P50: 420*400*450
B51: =B50+1 -> 47 | C51: CN008 | D51: CN008 | E51: =VLOOKUP(C51,#REF!,3,0) -> #REF! | F51: RU5-0981-000 | G51: Coupling Gear | I51: 4 | M51: UNUSE MOLD | N51: 800 | O51: TPZ | P51: 410*400*450
B52: =B51+1 -> 48 | C52: CN009 | D52: CN009 | E52: =VLOOKUP(C52,#REF!,3,0) -> #REF! | F52: RU5-0981-000 | G52: Coupling Gear | I52: 2 | M52: UNUSE MOLD | N52: 800 | O52: TPZ | P52: 350*350*300
B53: =B52+1 -> 49 | C53: CN010 | D53: CN010 | E53: =VLOOKUP(C53,#REF!,3,0) -> #REF! | F53: RU5-0986-000 | G53: Gear Pressure Roller | I53: 4 | M53: UNUSE MOLD | N53: 800 | O53: TPZ | P53: 235*250*250
B54: =B53+1 -> 50 | C54: CN011 | D54: CN011 | E54: =VLOOKUP(C54,#REF!,3,0) -> #REF! | F54: RU5-0986-000 | G54: Gear Pressure Roller | I54: 4 | M54: UNUSE MOLD | N54: 800 | O54: TPZ | P54: 235-250*250
B55: =B54+1 -> 51 | C55: CN016 | D55: CN016 | E55: =VLOOKUP(C55,#REF!,3,0) -> #REF! | F55: RU6-0016-000 | G55: Coupling Gear | I55: 2 | M55: UNUSE MOLD | N55: 800 | O55: TPH | P55: 350*300*350
B56: =B55+1 -> 52 | C56: CN017 | D56: CN017 | E56: =VLOOKUP(C56,#REF!,3,0) -> #REF! | F56: RU6-0016-000 | G56: Coupling Gear | I56: 2 | M56: UNUSE MOLD | N56: 800 | O56: TPH | P56: 350*300*350
B57: =B56+1 -> 53 | C57: CN019 | D57: CN019 | E57: =VLOOKUP(C57,#REF!,3,0) -> #REF! | F57: RC2-1418-000 | G57: SNS Reg | H57: SLIDER | I57: 4 | M57: UNUSE MOLD | N57: 800 | O57: TPH | P57: 350*300*300
B58: =B57+1 -> 54 | C58: CN020 | D58: CN020 | E58: =VLOOKUP(C58,#REF!,3,0) -> #REF! | F58: RU6-0015-000 | G58: Gear Idler CRG | I58: 2 | M58: UNUSE MOLD | N58: 800 | O58: TPH | P58: 400*350*350
B59: =B58+1 -> 55 | C59: CN021 | D59: CN021 | E59: =VLOOKUP(C59,#REF!,3,0) -> #REF! | F59: RU6-0015-000 | G59: Gear Idler CRG | I59: 2 | M59: UNUSE MOLD | N59: 800 | O59: TPH | P59: 400*350*350
B60: =B59+1 -> 56 | C60: CN022 | D60: CN022 | E60: =VLOOKUP(C60,#REF!,3,0) -> #REF! | F60: RC2-1418-000 | G60: SNS Reg | H60: SLIDER | I60: 4 | M60: UNUSE MOLD | N60: 800 | O60: TPH | P60: 350*300*300
B61: =B60+1 -> 57 | C61: CN023 | D61: CN023 | E61: =VLOOKUP(C61,#REF!,3,0) -> #REF! | F61: RC2-1419-000 | G61: CRG SNS STBY | H61: SLIDER | I61: 4 | M61: UNUSE MOLD | N61: 800 | O61: TPZ | P61: 300*450*300
B62: =B61+1 -> 58 | C62: CN025 | D62: CN025 | E62: =VLOOKUP(C62,#REF!,3,0) -> #REF! | F62: RU6-0016-000 | G62: Coupling Gear | I62: 2 | M62: UNUSE MOLD | N62: 800 | O62: TPZ | P62: 350*350*300
B63: =B62+1 -> 59 | C63: CN026 | D63: CN026 | E63: =VLOOKUP(C63,#REF!,3,0) -> #REF! | F63: RU6-0016-000 | G63: Coupling Gear | I63: 2 | M63: UNUSE MOLD | N63: 800 | O63: TPZ | P63: 350*350*300
B64: =B63+1 -> 60 | C64: CN027 | D64: CN027 | E64: =VLOOKUP(C64,#REF!,3,0) -> #REF! | F64: RC2-1048-000 | G64: Core pick | H64: SLIDER | I64: 4 | J64: MP | N64: 800 | O64: TPZ | P64: 265*300*280
B65: =B64+1 -> 61 | C65: CN028 | D65: CN028 | E65: =VLOOKUP(C65,#REF!,3,0) -> #REF! | F65: RC2-1054-000 | G65: Separation Pad Arm | H65: SLIDER | I65: 4 | M65: UNUSE MOLD | N65: 800 | O65: TPZ | P65: 320*400*300
B66: =B65+1 -> 62 | C66: CN029 | D66: CN029 | E66: =VLOOKUP(C66,#REF!,3,0) -> #REF! | F66: RU5-0980-000 | G66: Gear Idler CRG | I66: 4 | J66: MP | N66: 800 | O66: TPZ | P66: 395*450*500
B67: =B66+1 -> 63 | C67: CN030 | D67: CN030 | E67: =VLOOKUP(C67,#REF!,3,0) -> #REF! | F67: RU6-0016-000 | G67: Coupling Gear | I67: 4 | M67: UNUSE MOLD | N67: 800 | O67: TPZ | P67: 350*350*300
B68: =B67+1 -> 64 | C68: CN031 | D68: CN031 | E68: =VLOOKUP(C68,#REF!,3,0) -> #REF! | F68: RU7-0026-000 | G68: Fuser Idler Gear | I68: 4 | J68: MP | N68: 800 | O68: TPH | P68: 250*300*260
B69: =B68+1 -> 65 | C69: CN032 | D69: CN032 | E69: =VLOOKUP(C69,#REF!,3,0) -> #REF! | F69: RU7-0029-000 | G69: Gear Fu Roller | I69: 4 | J69: MP | N69: 800 | O69: TPH | P69: 250*300*260
B70: =B69+1 -> 66 | C70: CN033 | D70: CN033 | E70: =VLOOKUP(C70,#REF!,3,0) -> #REF! | F70: RU7-0031-000 | G70: Gear FD Roller | I70: 4 | J70: MP | N70: 800 | O70: TPH | P70: 250*300*260
B71: =B70+1 -> 67 | C71: CN034 | D71: CN034 | E71: =VLOOKUP(C71,#REF!,3,0) -> #REF! | F71: FP-3152BVX | G71: MP Separation Pad (M) | H71: SLIDER | I71: 4 | J71: MP | N71: 800 | O71: TPH | P71: 350*300*320
B72: =B71+1 -> 68 | C72: CN035 | D72: CN035 | E72: =VLOOKUP(C72,#REF!,3,0) -> #REF! | F72: RC2-1418-000 | G72: SNS Reg | H72: SLIDER | I72: 4 | M72: UNUSE MOLD | N72: 800 | O72: TPH | P72: 350*300*320
B73: =B72+1 -> 69 | C73: CN036 | D73: CN036 | E73: =VLOOKUP(C73,#REF!,3,0) -> #REF! | F73: RC2-1418-000 | G73: SNS Reg | H73: SLIDER | I73: 4 | M73: UNUSE MOLD | N73: 800 | O73: TPH | P73: 350*300*320
B74: =B73+1 -> 70 | C74: CN037 | D74: CN037 | E74: =VLOOKUP(C74,#REF!,3,0) -> #REF! | F74: RC2-1419-000 | G74: CRG SNS STBY | H74: SLIDER | I74: 4 | M74: UNUSE MOLD | N74: 800 | O74: TPH | P74: 300*450*300
B75: =B74+1 -> 71 | C75: CN038 | D75: CN038 | E75: =VLOOKUP(C75,#REF!,3,0) -> #REF! | F75: RC2-1419-000 | G75: CRG SNS STBY | H75: SLIDER | I75: 4 | J75: MP | N75: 800 | O75: TPH | P75: 335*300*450
B76: =B75+1 -> 72 | C76: CN039 | D76: CN039 | E76: =VLOOKUP(C76,#REF!,3,0) -> #REF! | F76: RU6-0015-000 | G76: Gear Idler CRG | I76: 2 | J76: MP | N76: 800 | O76: TPH | P76: 350*400*360
B77: =B76+1 -> 73 | C77: CN040 | D77: CN040 | E77: =VLOOKUP(C77,#REF!,3,0) -> #REF! | F77: RU6-0015-000 | G77: Gear Idler CRG | I77: 2 | M77: UNUSE MOLD | N77: 800 | O77: TPH | P77: 350*400*360
B78: =B77+1 -> 74 | C78: CN041 | D78: CN041 | E78: =VLOOKUP(C78,#REF!,3,0) -> #REF! | F78: RU6-0015-000 | G78: Gear Idler CRG | I78: 2 | J78: MP | N78: 800 | O78: TPH | P78: 350*400*360
B79: =B78+1 -> 75 | C79: CN042 | D79: CN042 | E79: =VLOOKUP(C79,#REF!,3,0) -> #REF! | F79: RU6-0016-000 | G79: Coupling Gear | I79: 2 | J79: MP | N79: 800 | O79: TPH | P79: 300*350*350
B80: =B79+1 -> 76 | C80: CN043 | D80: CN043 | E80: =VLOOKUP(C80,#REF!,3,0) -> #REF! | F80: RU6-0016-000 | G80: Coupling Gear | I80: 2 | J80: MP | N80: 800 | O80: TPH | P80: 300*350*360
B81: =B80+1 -> 77 | C81: CN044 | D81: CN044 | E81: =VLOOKUP(C81,#REF!,3,0) -> #REF! | F81: RU6-0016-000 | G81: Coupling Gear | I81: 2 | M81: UNUSE MOLD | N81: 800 | O81: TPH | P81: 350*300*350
B82: =B81+1 -> 78 | C82: CN045 | D82: CN045 | E82: =VLOOKUP(C82,#REF!,3,0) -> #REF! | F82: RU6-0020-000 | G82: Gear Pressure Roller | I82: 4 | M82: UNUSE MOLD | N82: 800 | O82: TPH | P82: 300*350*300
B83: =B82+1 -> 79 | C83: CN046 | D83: CN046 | E83: =VLOOKUP(C83,#REF!,3,0) -> #REF! | F83: RU6-0020-000 | G83: Gear Pressure Roller | I83: 4 | M83: UNUSE MOLD | N83: 800 | O83: TPH | P83: 300*350*300
B84: =B83+1 -> 80 | C84: CN047 | D84: CN047 | E84: =VLOOKUP(C84,#REF!,3,0) -> #REF! | F84: RC2-1048-000 | G84: Core pick | H84: SLIDER | I84: 4 | M84: UNUSE MOLD | N84: 800 | O84: Supplied by customer | P84: 250*300*260
B85: =B84+1 -> 81 | C85: CN048 | D85: CN048 | E85: =VLOOKUP(C85,#REF!,3,0) -> #REF! | F85: RC2-1048-000 | G85: Core pick | H85: SLIDER | I85: 4 | J85: MP | N85: 800 | O85: Supplied by customer | P85: 250*300*260
B86: =B85+1 -> 82 | C86: CN049 | D86: CN049 | E86: =VLOOKUP(C86,#REF!,3,0) -> #REF! | F86: RC2-1054-000 | G86: Separation Pad Arm | H86: SLIDER | I86: 4 | M86: UNUSE MOLD | N86: 800 | O86: Supplied by customer | P86: 335*300*450
B87: =B86+1 -> 83 | C87: CN050 | D87: CN050 | E87: =VLOOKUP(C87,#REF!,3,0) -> #REF! | F87: RC2-1054-000 | G87: Separation Pad Arm | H87: SLIDER | I87: 4 | M87: UNUSE MOLD | N87: 800 | O87: Supplied by customer | P87: 335*300*450
B88: =B87+1 -> 84 | C88: CN051 | D88: CN051 | E88: =VLOOKUP(C88,#REF!,3,0) -> #REF! | F88: RC2-1054-000 | G88: Separation Pad Arm | H88: SLIDER | I88: 4 | M88: UNUSE MOLD | N88: 800 | O88: Supplied by customer | P88: 335*300*450
B89: =B88+1 -> 85 | C89: CN052 | D89: CN052 | E89: =VLOOKUP(C89,#REF!,3,0) -> #REF! | F89: RU5-0980-000 | G89: Gear Idler CRG | I89: 4 | J89: MP | N89: 800 | O89: Supplied by customer | P89: 395*450*500
B90: =B89+1 -> 86 | C90: CN053 | D90: CN053 | E90: =VLOOKUP(C90,#REF!,3,0) -> #REF! | F90: RU5-0980-000 | G90: Gear Idler CRG | I90: 4 | M90: UNUSE MOLD | N90: 800 | O90: Supplied by customer | P90: 395*450*500
B91: =B90+1 -> 87 | C91: CN054 | D91: CN054 | E91: =VLOOKUP(C91,#REF!,3,0) -> #REF! | F91: RU5-0981-000 | G91: Coupling Gear | I91: 4 | J91: MP | N91: 800 | O91: Supplied by customer | P91: 410*400*450
B92: =B91+1 -> 88 | C92: CN055 | D92: CN055 | E92: =VLOOKUP(C92,#REF!,3,0) -> #REF! | F92: RU5-0981-000 | G92: Coupling Gear | I92: 4 | M92: UNUSE MOLD | N92: 800 | O92: Supplied by customer | P92: 410*400*450
B93: =B92+1 -> 89 | C93: CN056 | D93: CN056 | E93: =VLOOKUP(C93,#REF!,3,0) -> #REF! | F93: RU6-8292-000 | G93: Fuser Idler Gear 5 | I93: 4 | J93: MP | N93: 800 | O93: TPH | P93: 290*300*340
B94: =B93+1 -> 90 | C94: CN057 | D94: CN057 | E94: =VLOOKUP(C94,#REF!,3,0) -> #REF! | F94: RC2-6337-000 | G94: Paper Sensor 500 | H94: SLIDER | I94: 4 | M94: UNUSE MOLD | N94: 800 | O94: Supplied by customer | P94: 310*290*270(180KGS)
B95: =B94+1 -> 91 | C95: CN058 | D95: CN058 | E95: =VLOOKUP(C95,#REF!,3,0) -> #REF! | F95: RC2-6150-000 | G95: MP Cam L | I95: 4 | J95: MP | N95: 800 | O95: Supplied by customer | P95: 250*250*270
B96: =B95+1 -> 92 | C96: CN059 | D96: CN059 | E96: =VLOOKUP(C96,#REF!,3,0) -> #REF! | F96: RU7-0748-000 | G96: Pick Gear 1 | I96: 8 | J96: MP | N96: 1000 | O96: TPH | P96: 330*350*400
B97: =B96+1 -> 93 | C97: CN060 | D97: CN060 | E97: =VLOOKUP(C97,#REF!,3,0) -> #REF! | F97: RU7-0749-000 | G97: Pick Gear 2 | I97: 8 | J97: MP | N97: 1000 | O97: TPH | P97: 350*400*320
B98: =B97+1 -> 94 | C98: CN061 | D98: CN061 | E98: =VLOOKUP(C98,#REF!,3,0) -> #REF! | F98: RC3-3858-000 | G98: Core pick Roller | H98: SLIDER | I98: 4 | J98: MP | N98: 800 | O98: TPML | P98: 250*280*300
B99: =B98+1 -> 95 | C99: CN062 | D99: CN062 | E99: =VLOOKUP(C99,#REF!,3,0) -> #REF! | F99: RU9-0148-000 | G99: Du-Fu Gear | I99: 4 | J99: MP | N99: 800 | O99: TPVN | P99: 242*300*300
B100: =B99+1 -> 96 | C100: CN063 | D100: CN063 | E100: =VLOOKUP(C100,#REF!,3,0) -> #REF! | F100: RU9-0144-000 | G100: Du-W-Gear-B | I100: 4 | J100: MP | N100: 800 | O100: TPVN | P100: 300*300*242
...

Sheet NAME INDEX
C2: MOLD INDEX | D2: cn217 | E2: K1
B4: NO | C4: CODE | D4: NAME M/C | E4: TOTAL TIME (H)
E5: =SUBTOTAL(9,E6:E101) -> #REF!
B6: 1 | C6: MC01 | D6: EDM AG40L | E6: =SUMIFS('DETAIL '!#REF!,'DETAIL '!#REF!,'NAME INDEX'!$D$2,'DETAIL '!#REF!,'NAME INDEX'!C6,'DETAIL '!#REF!,'NAME INDEX'!$E$2) -> #REF!
B7: 2 | C7: MC02 | D7: EDM FORM 300 | E7: =SUMIFS('DETAIL '!#REF!,'DETAIL '!#REF!,'NAME INDEX'!$D$2,'DETAIL '!#REF!,'NAME INDEX'!C7,'DETAIL '!#REF!,'NAME INDEX'!$E$2) -> #REF!
B8: 3 | C8: MC03 | D8: EDM AG60L | E8: =SUMIFS('DETAIL '!#REF!,'DETAIL '!#REF!,'NAME INDEX'!$D$2,'DETAIL '!#REF!,'NAME INDEX'!C8,'DETAIL '!#REF!,'NAME INDEX'!$E$2) -> #REF!
B9: 4 | C9: MC04 | D9: ROBODRILL | E9: =SUMIFS('DETAIL '!#REF!,'DETAIL '!#REF!,'NAME INDEX'!$D$2,'DETAIL '!#REF!,'NAME INDEX'!C9,'DETAIL '!#REF!,'NAME INDEX'!$E$2) -> #REF!
B10: 5 | C10: MC05 | D10: GEAR HOBBING MC | E10: =SUMIFS('DETAIL '!#REF!,'DETAIL '!#REF!,'NAME INDEX'!$D$2,'DETAIL '!#REF!,'NAME INDEX'!C10,'DETAIL '!#REF!,'NAME INDEX'!$E$2) -> #REF!
B11: 6 | C11: MC06 | D11: WIRE CUT LN2W | E11: =SUMIFS('DETAIL '!#REF!,'DETAIL '!#REF!,'NAME INDEX'!$D$2,'DETAIL '!#REF!,'NAME INDEX'!C11,'DETAIL '!#REF!,'NAME INDEX'!$E$2) -> #REF!
B12: 7 | C12: MC07 | D12: VERTICAL MC CENTER | E12: =SUMIFS('DETAIL '!#REF!,'DETAIL '!#REF!,'NAME INDEX'!$D$2,'DETAIL '!#REF!,'NAME INDEX'!C12,'DETAIL '!#REF!,'NAME INDEX'!$E$2) -> #REF!
B13: 8 | C13: MC08 | D13: MILLING SHIZOUKA | E13: =SUMIFS('DETAIL '!#REF!,'DETAIL '!#REF!,'NAME INDEX'!$D$2,'DETAIL '!#REF!,'NAME INDEX'!C13,'DETAIL '!#REF!,'NAME INDEX'!$E$2) -> #REF!
B14: 9 | C14: MC09 | D14: MILLING KE55 | E14: =SUMIFS('DETAIL '!#REF!,'DETAIL '!#REF!,'NAME INDEX'!$D$2,'DETAIL '!#REF!,'NAME INDEX'!C14,'DETAIL '!#REF!,'NAME INDEX'!$E$2) -> #REF!
B15: 10 | C15: MC10 | D15: CNC LATHE | E15: =SUMIFS('DETAIL '!#REF!,'DETAIL '!#REF!,'NAME INDEX'!$D$2,'DETAIL '!#REF!,'NAME INDEX'!C15,'DETAIL '!#REF!,'NAME INDEX'!$E$2) -> #REF!
B16: 11 | C16: MC11 | D16: LATHE LR55A | E16: =SUMIFS('DETAIL '!#REF!,'DETAIL '!#REF!,'NAME INDEX'!$D$2,'DETAIL '!#REF!,'NAME INDEX'!C16,'DETAIL '!#REF!,'NAME INDEX'!$E$2) -> #REF!
B17: 12 | C17: MC12 | D17: LATHE TAKISAWA | E17: =SUMIFS('DETAIL '!#REF!,'DETAIL '!#REF!,'NAME INDEX'!$D$2,'DETAIL '!#REF!,'NAME INDEX'!C17,'DETAIL '!#REF!,'NAME INDEX'!$E$2) -> #REF!
... B30: 25 | C30: MC23 | D30: CAM NX10 | E30: =SUMIFS('DETAIL '!#REF!,'DETAIL '!#REF!,'NAME INDEX'!$D$2,'DETAIL '!#REF!,'NAME INDEX'!C30,'DETAIL '!#REF!,'NAME INDEX'!$E$2) -> #REF!
B31: 26 | E31: =SUMIFS('DETAIL '!#REF!,'DETAIL '!#REF!,'NAME INDEX'!$D$2,'DETAIL '!#REF!,'NAME INDEX'!C31,'DETAIL '!#REF!,'NAME INDEX'!$E$2) -> #REF!
B32: 27 | E32: =SUMIFS('DETAIL '!#REF!,'DETAIL '!#REF!,'NAME INDEX'!$D$2,'DETAIL '!#REF!,'NAME INDEX'!C32,'DETAIL '!#REF!,'NAME INDEX'!$E$2) -> #REF!
E787: 1 | F787: FX212 | H787: MOVING PIN P1 | I787: 8.3 | J787: 9.3 | L787: 0.16666667 | M787: 0.83333333 | Q787: =SUM(K787:K789)*100/20 -> 0
E788: 1 | F788: FX244 | H788: FIXING CAVITY | I788: 9.3 | J788: 12 | L788: 0.25 | M788: =2+0.25 -> 2.25
E789: 1 | F789: KC023 | H789: MASTER GEAR | I789: 13.3 | J789: 15 | L789: 0.083333333 | M789: =1+0.416666666666667 -> 1.4166667
E974: 1 | F974: FX500 | H974: SLDIER PIN | I974: 8.3 | J974: 10.3 | M974: 2 | O974: TUNG
E975: 1 | F975: CN189 | H975: FIXING PIN H1 | I975: 9 | J975: 12 | M975: 3 | O975: OANH
E976: 1 | F976: CN153 | H976: MOVING PIN P1 | I976: 9.3 | J976: 12 | M976: 2.5 | O976: HUONG
E977: 1 | F977: CN032 | H977: MOVIGM GEAR K1 | I977: 10.3 | J977: 14.3 | M977: 3 | O977: TUNG
A978: 43209 | E978: 4 | F978: FX510 | H978: INSERT SLIDER 304C | I978: 9.3 | J978: 11.3 | M978: 3 | O978: TUNG
A979: 43209 | E979: 4 | F979: FX510 | H979: SLIDER INSERT 304-5 | I979: 9 | J979: 12 | M979: 3 | O979: OANH
A980: 43209 | E980: 4 | F980: FX510 | H980: SLIDER | I980: 13 | J980: 17 | M980: 4 | O980: OANH
A981: 43210 | E981: 1 | F981: TP072 | H981: A3 | I981: 8.3 | J981: 12 | M981: 3.5 | O981: TUNG
A982: 43210 | E982: 1 | F982: TP072 | H982: A4 | I982: 13 | J982: 17 | M982: 4 | O982: TUNG
A983: 43210 | E983: 1 | F983: CN183 | H983: MOVING PIN P1 | I983: 8.3 | J983: 11.3 | M983: 3 | O983: OANH
A984: 43210 | E984: 1 | F984: CN114 | H984: SLIDER INSERT S4 | I984: 11.3 | J984: 14.3 | M984: 3 | O984: OANH
A985: 43210 | E985: 1 | F985: TP066 | H985: MOVIGN CORE C3 | I985: 15.3 | J985: 17 | M985: 1.5 | O985: OANH
A986: 43213 | E986: 4 | F986: FX186 | H986: MOVING CORE A2 | I986: 8.3 | J986: 10.3 | M986: 2 | O986: OANH
A987: 43213 | E987: 1 | F987: FX170 | H987: FIXING INSERT H1 | I987: 10.3 | J987: 14.3 | M987: 3 | O987: OANH
A988: 43213 | E988: 4 | F988: CN114 | H988: FIXING CAVITY | I988: 14.3 | J988: 17 | M988: 2.5 | O988: OANH
A989: 43214 | E989: 1 | F989: FX372 | H989: SLIDER INSERT | I989: 8.3 | J989: 10.3 | M989: 2 | O989: OANH
... A1010: 43217 | E1010: 1 | F1010: FX501 | H1010: INSERT | I1010: 14.3 | J1010: 17 | M1010: 2.5 | O1010: OANH
A1011: 43217 | E1011: 1 | F1011: FX510 | H1011: SLIDER 307 | I1011: 8.3 | J1011: 12 | L1011: 0.5 | M1011: 1 | N1011: 2 | O1011: QUYEN | Q1011: =SUM(K1011:K1012)*100/20 -> 0
A1012: 43217 | E1012: 4 | F1012: TP133 | H1012: RUNNER PLATE | I1012: 13 | J1012: 16 | L1012: 0.5 | N1012: 2.5 | O1012: QUYEN
A1013: 43213 | E1013: 1 | F1013: FX170 | H1013: FIXING INSERT | I1013: 8.3 | J1013: 10 | L1013: 0.33333333 | N1013: =1+0.166666666666667 -> 1.1666667 | O1013: THUY | Q1013: =SUM(K1013:K1016)*100/20 -> 0
A1014: 43213 | E1014: 1 | F1014: TP066 | H1014: MOVING CORE C3 | I1014: 10 | J1014: 12 | L1014: 0.5 | M1014: 1.5 | O1014: THUY
A1015: 43213 | E1015: 4 | F1015: TS005 | H1015: FIXING CAVITY | I1015: 13 | J1015: 15 | L1015: 0.33333333 | M1015: =1+0.666666666666667 -> 1.6666667 | O1015: THUY
A1016: 43213 | E1016: 4 | F1016: TS005 | H1016: MOVING CAVITY | I1016: 15 | J1016: 17 | L1016: 0.33333333 | M1016: =1+0.666666666666667 -> 1.6666667 | O1016: THUY
A1017: 43214 | E1017: 4 | F1017: TP038 | H1017: FIXING CAVITY | I1017: 8.3 | J1017: 9.3 | L1017: 0.16666667 | M1017: 0.83333333 | O1017: THUY | Q1017: =SUM(K1017:K1020)*100/20 -> 0
A1018: 43214 | E1018: 1 | F1018: FX372 | H1018: SLIDER INSERT | I1018: 9.3 | J1018: 10.3 | L1018: 0.33333333 | M1018: 0.66666667 | O1018: THUY
A1019: 43214 | E1019: 1 | F1019: TP072 | H1019: FIXING CORE C1 | I1019: 10.3 | J1019: 12 | L1019: 0.33333333 | M1019: =1+0.166666666666667 -> 1.1666667 | O1019: THUY
A1020: 43214 | E1020: 6 | F1020: EROWA | I1020: 13 | J1020: 17 | L1020: 0.66666667 | M1020: =3+0.333333333333333 -> 3.3333333 | O1020: THUY
A1021: 43216 | E1021: 6 | F1021: FX120 | H1021: INSERT B-20 | I1021: 8.3 | J1021: 10.3 | L1021: 0.5 | M1021: 1.5 | O1021: THUY | Q1021: =SUM(K1021:K1023)*100/20 -> 0
A1022: 43216 | E1022: 4 | F1022: CN160 | H1022: RUNNER PLATE | I1022: 10.3 | J1022: 14 | L1022: 0.5 | M1022: 2 | O1022: THUY
A1023: 43216 | E1023: 4 | F1023: CN160 | H1023: CORE PLATE | I1023: 14 | J1023: 17 | L1023: 0.66666667 | M1023: =2+0.333333333333333 -> 2.3333333 | O1023: THUY
A1024: 43217 | E1024: 6 | F1024: JIG MOLD | H1024: INSERT | I1024: 10 | J1024: 11 | L1024: 0.33333333 | M1024: 0.66666667 | O1024: QUYEN | Q1024: =SUM(K1024:K1025)*100/20 -> 0
A1025: 43217 | E1025: 1 | F1025: FX453 | H1025: MOVING PIN | I1025: 11 | J1025: 16 | L1025: 0.66666667 | M1025: 1 | N1025: =2+0.333333333333333 -> 2.3333333 | O1025: QUYEN
A1026: 43202 | E1026: 2 | F1026: FX504 | H1026: MOVING CAVITY | I1026: 8.3 | J1026: 17 | M1026: 7.5 | O1026: GIANG + MAI
A1027: 43203 | E1027: 2 | F1027: FX231 | H1027: FIXING CAVITY | I1027: 8.3 | J1027: 17 | M1027: 7.5 | O1027: GIANG + MAI
A1028: 43204 | E1028: 2 | F1028: FX231 | H1028: FIXING CAVITY | I1028: 8.3 | J1028: 17 | M1028: 7.5 | O1028: GIANG + MAI
A1029: 43206 | E1029: 2 | F1029: FX231 | H1029: FIXING CAVITY | I1029: 8.3 | J1029: 17 | M1029: 7.5 | O1029: GIANG + MAI
A1030: 43207 | E1030: 2 | F1030: FX231 | H1030: FIXING CAVITY | I1030: 8.3 | J1030: 17 | M1030: 7.5 | O1030: GIANG + MAI
A1031: 43208 | E1031: 2 | F1031: FX133 | H1031: MOVING CAVITY K1 | I1031: 8.3 | J1031: 17 | M1031: 7.5 | O1031: GIANG + MAI
A1032: 43209 | E1032: 2 | F1032: FX231 | H1032: FIXING CAVITY | I1032: 8.3 | J1032: 17 | M1032: 7.5 | O1032: GIANG + MAI
A1033: 43210 | E1033: 2 | F1033: FX231 | H1033: FIXING CAVITY | I1033: 8.3 | J1033: 17 | M1033: 7.5 | O1033: GIANG + MAI
A1034: 43213 | E1034: 2 | F1034: FX254 | H1034: MOVING` GEAR K1 | I1034: 8.3 | J1034: 17 | M1034: 7.5 | O1034: GIANG + MAI
A1035: 43214 | E1035: 2 | F1035: CN140 | H1035: CORE | I1035: 8.3 | J1035: 17 | M1035: 7.5 | O1035: GIANG + MAI
A1036: 43216 | E1036: 2 | F1036: CN140 | H1036: CORE | I1036: 8.3 | J1036: 17 | M1036: 7.5 | O1036: GIANG + MAI
A1037: 43217 | E1037: 2 | F1037: CN140 | H1037: CORE | I1037: 8.3 | J1037: 17 | M1037: 7.5 | O1037: GIANG + MAI
A1038: 43217
